{
   "Revenant": {
      "base": 9065.087396948255,
      "wheel": 12745.014428755714,
      "catalyst": 21912.195372662944,
      "flesh": 8713.558962003102,
      "bucket": 11331.359246185319
   },
   "Tarantula": {
      "base": 7840.385638746804,
      "wheel": 10907.96179145354,
      "catalyst": 18238.090098058594,
      "flesh": 6386.625621420346,
      "bucket": 9800.482048433505
   },
   "Fish": {
      "base": 3122.7046555538964,
      "wheel": 3831.4403166641778,
      "catalyst": 4085.047148479871,
      "flesh": -2576.968246646178,
      "bucket": 3903.3808194423705
   },
   "Sheep": {
      "base": 3075.9289522058825,
      "wheel": 3761.276761642157,
      "catalyst": 3944.7200384358293,
      "flesh": -2665.8420830074047,
      "bucket": 3844.911190257353
   },
   "Chicken": {
      "base": 2941.1033370049868,
      "wheel": 3559.0383388408136,
      "catalyst": 3540.2431928331425,
      "flesh": -2922.0107518891064,
      "bucket": 3676.3791712562333
   },
   "Blaze": {
      "base": 2868.1530163770053,
      "wheel": 3449.612857898841,
      "catalyst": 3321.3922309491973,
      "flesh": -3060.6163610822714,
      "bucket": 3585.1912704712568
   },
   "Rabbit": {
      "base": 2867.3045107947014,
      "wheel": 3448.340099525385,
      "catalyst": 3318.8467142022855,
      "flesh": -3062.2285216886485,
      "bucket": 3584.130638493377
   },
   "Gravel": {
      "base": 2799.01995626316,
      "wheel": 3345.913267728073,
      "catalyst": 3113.9930506076616,
      "flesh": -3191.9691752985773,
      "bucket": 3498.7749453289503
   },
   "Creeper": {
      "base": 2751.3876068741447,
      "wheel": 3274.4647436445503,
      "catalyst": 2971.096002440616,
      "flesh": -3282.4706391377067,
      "bucket": 3439.234508592681
   },
   "Spruce": {
      "base": 2713.8199451268374,
      "wheel": 3218.1132510235893,
      "catalyst": 2858.393017198694,
      "flesh": -3353.8491964575906,
      "bucket": 3392.2749314085468
   },
   "Sand": {
      "base": 2697.2201052906366,
      "wheel": 3193.213491269288,
      "catalyst": 2808.5934976900917,
      "flesh": -3385.3888921463713,
      "bucket": 3371.525131613296
   },
   "Lapis": {
      "base": 2697.164338235294,
      "wheel": 3193.1298406862743,
      "catalyst": 2808.426196524064,
      "flesh": -3385.4948495515227,
      "bucket": 3371.4554227941176
   },
   "Slime": {
      "base": 2677.2758272058827,
      "wheel": 3163.2970741421573,
      "catalyst": 2748.76066343583,
      "flesh": -3423.283020507404,
      "bucket": 3346.594784007353
   },
   "Jungle": {
      "base": 2638.233542752544,
      "wheel": 3104.7336474621493,
      "catalyst": 2631.633810075814,
      "flesh": -3497.463360968748,
      "bucket": 3297.79192844068
   },
   "Potato": {
      "base": 2615.8959926470593,
      "wheel": 3071.227322303922,
      "catalyst": 2564.621159759359,
      "flesh": -3539.904706169169,
      "bucket": 3269.8699908088242
   },
   "Birch": {
      "base": 2585.4232843137256,
      "wheel": 3025.518259803922,
      "catalyst": 2473.203034759359,
      "flesh": -3597.8028520025027,
      "bucket": 3231.779105392157
   },
   "Coal": {
      "base": 2547.2617752100846,
      "wheel": 2968.27599614846,
      "catalyst": 2358.718507448435,
      "flesh": -3670.309719299421,
      "bucket": 3184.077219012606
   },
   "Cow": {
      "base": 2490.717445665501,
      "wheel": 2883.459501831585,
      "catalyst": 2189.085518814685,
      "flesh": -3777.7439454341293,
      "bucket": 3113.3968070818764
   },
   "Quartz": {
      "base": 2436.2519501278775,
      "wheel": 2801.7612585251495,
      "catalyst": 2025.6890322018144,
      "flesh": -3881.228386955614,
      "bucket": 3045.3149376598467
   },
   "Zombie": {
      "base": 2398.3114460500797,
      "wheel": 2744.8505024084525,
      "catalyst": 1911.8675199684203,
      "flesh": -3953.31534470343,
      "bucket": 2997.8893075625997
   },
   "Iron": {
      "base": 2389.219906033066,
      "wheel": 2731.213192382932,
      "catalyst": 1884.5928999173793,
      "flesh": -3970.589270735756,
      "bucket": 2986.5248825413323
   },
   "Carrot": {
      "base": 2346.0865168406076,
      "wheel": 2666.513108594245,
      "catalyst": 1755.192732340005,
      "flesh": -4052.5427102014264,
      "bucket": 2932.6081460507594
   },
   "Oak": {
      "base": 2280.3929579590454,
      "wheel": 2567.972770271901,
      "catalyst": 1558.1120556953174,
      "flesh": -4177.360472076395,
      "bucket": 2850.491197448807
   },
   "Gold": {
      "base": 2265.9983336516425,
      "wheel": 2546.380833810797,
      "catalyst": 1514.9281827731093,
      "flesh": -4204.71025826046,
      "bucket": 2832.497917064553
   },
   "Obsidian": {
      "base": 2219.9019761029413,
      "wheel": 2477.236297487745,
      "catalyst": 1376.6391101270056,
      "flesh": -4292.293337602993,
      "bucket": 2774.8774701286766
   },
   "Spider": {
      "base": 2177.0963235294116,
      "wheel": 2413.027818627451,
      "catalyst": 1248.222152406417,
      "flesh": -4373.624077492699,
      "bucket": 2721.3704044117644
   },
   "Glowstone": {
      "base": 2161.981504285221,
      "wheel": 2390.355589761165,
      "catalyst": 1202.8776946738453,
      "flesh": -4402.342234056661,
      "bucket": 2702.476880356526
   },
   "Pig": {
      "base": 2152.604609728506,
      "wheel": 2376.2902479260924,
      "catalyst": 1174.7470110037002,
      "flesh": -4420.15833371442,
      "bucket": 2690.755762160633
   },
   "Nether Wart": {
      "base": 2056.303435202206,
      "wheel": 2231.838486136642,
      "catalyst": 885.8434874247996,
      "flesh": -4603.13056531439,
      "bucket": 2570.3792940027574
   },
   "Redstone": {
      "base": 2028.1613428374947,
      "wheel": 2189.625347589575,
      "catalyst": 801.4172103306655,
      "flesh": -4656.6005408073415,
      "bucket": 2535.201678546868
   },
   "Cocoa Beans": {
      "base": 2004.7056617647058,
      "wheel": 2154.441825980392,
      "catalyst": 731.0501671122993,
      "flesh": -4701.16633484564,
      "bucket": 2505.8820772058825
   },
   "Cave Spider": {
      "base": 1991.9277007918552,
      "wheel": 2135.274884521116,
      "catalyst": 692.716284193747,
      "flesh": -4725.444460694056,
      "bucket": 2489.909625989819
   },
   "Acacia": {
      "base": 1962.4397194989108,
      "wheel": 2091.0429125816995,
      "catalyst": 604.2523403149144,
      "flesh": -4781.471625150651,
      "bucket": 2453.0496493736387
   },
   "Skeleton": {
      "base": 1877.1075672666348,
      "wheel": 1963.0446842332854,
      "catalyst": 348.25588361808605,
      "flesh": -4943.602714391975,
      "bucket": 2346.384459083293
   },
   "Ghast": {
      "base": 1657.7897633272062,
      "wheel": 1634.0679783241426,
      "catalyst": -309.6975282001995,
      "flesh": -5360.306541876889,
      "bucket": 2072.237204159008
   },
   "End Stone": {
      "base": 1644.6555712669685,
      "wheel": 1614.366690233786,
      "catalyst": -349.10010438091285,
      "flesh": -5385.261506791341,
      "bucket": 2055.8194640837105
   },
   "Wheat": {
      "base": 1614.2447836425065,
      "wheel": 1568.750508797093,
      "catalyst": -440.33246725429854,
      "flesh": -5443.042003277818,
      "bucket": 2017.805979553133
   },
   "Dark Oak": {
      "base": 1608.5610635233477,
      "wheel": 1560.2249286183546,
      "catalyst": -457.3836276117754,
      "flesh": -5453.841071504221,
      "bucket": 2010.7013294041847
   },
   "Magma Cube": {
      "base": 1594.1153068729564,
      "wheel": 1538.5562936427677,
      "catalyst": -500.7208975629492,
      "flesh": -5481.288009139964,
      "bucket": 1992.6441335911954
   },
   "Clay": {
      "base": 1521.345151654412,
      "wheel": 1429.401060814951,
      "catalyst": -719.0313632185826,
      "flesh": -5619.551304055199,
      "bucket": 1901.6814395680149
   },
   "Snow": {
      "base": 1487.9294084528628,
      "wheel": 1379.2774460126275,
      "catalyst": -819.2785928232297,