{
   "Revenant": {
      "base": 9371.16014453149,
      "wheel": 13348.685583733626,
      "catalyst": 22733.870300805913,
      "flesh": 9138.237607943163,
      "bucket": 11713.950180664362
   },
   "Tarantula": {
      "base": 7788.273851380712,
      "wheel": 10974.356144007457,
      "catalyst": 17985.211421353575,
      "flesh": 6130.7536509566835,
      "bucket": 9735.342314225889
   },
   "Rabbit": {
      "base": 3517.9723623282603,
      "wheel": 4568.90391042878,
      "catalyst": 5174.306954196222,
      "flesh": -1982.819178242973,
      "bucket": 4397.465452910325
   },
   "Fish": {
      "base": 3328.0384109157585,
      "wheel": 4284.002983310028,
      "catalyst": 4604.505099958717,
      "flesh": -2343.693685926726,
      "bucket": 4160.048013644699
   },
   "Potato": {
      "base": 3176.407923681165,
      "wheel": 4056.5572524581376,
      "catalyst": 4149.613638254937,
      "flesh": -2631.7916116724546,
      "bucket": 3970.509904601456
   },
   "Chicken": {
      "base": 3087.3458142632653,
      "wheel": 3922.9640883312877,
      "catalyst": 3882.427310001237,
      "flesh": -2801.0096195664637,
      "bucket": 3859.182267829082
   },
   "Sheep": {
      "base": 3059.9313931127012,
      "wheel": 3881.842456605442,
      "catalyst": 3800.184046549545,
      "flesh": -2853.097019752535,
      "bucket": 3824.9142413908767
   },
   "Gravel": {
      "base": 3059.5148794206684,
      "wheel": 3881.2176860673926,
      "catalyst": 3798.9345054734467,
      "flesh": -2853.888395767397,
      "bucket": 3824.3935992758356
   },
   "Slime": {
      "base": 2927.1110873573057,
      "wheel": 3682.611997972349,
      "catalyst": 3401.7231292833594,
      "flesh": -3105.4556006877865,
      "bucket": 3658.888859196632
   },
   "Lapis": {
      "base": 2796.2279197216185,
      "wheel": 3486.2872465188175,
      "catalyst": 3009.0736263762965,
      "flesh": -3354.1336191955925,
      "bucket": 3495.2848996520233
   },
   "Creeper": {
      "base": 2780.2179798108873,
      "wheel": 3462.2723366527207,
      "catalyst": 2961.043806644103,
      "flesh": -3384.552505025981,
      "bucket": 3475.2724747636094
   },
   "Sand": {
      "base": 2694.531796560265,
      "wheel": 3333.7430617767877,
      "catalyst": 2703.985256892237,
      "flesh": -3547.356253202164,
      "bucket": 3368.164745700331
   },
   "Spruce": {
      "base": 2572.5049962960206,
      "wheel": 3150.7028613804214,
      "catalyst": 2337.9048560995043,
      "flesh": -3779.207173704228,
      "bucket": 3215.6312453700257
   },
   "Cow": {
      "base": 2526.111478282866,
      "wheel": 3081.1125843606887,
      "catalyst": 2198.724302060039,
      "flesh": -3867.354857929222,
      "bucket": 3157.6393478535824
   },
   "Jungle": {
      "base": 2495.886174716756,
      "wheel": 3035.7746290115247,
      "catalyst": 2108.048391361711,
      "flesh": -3924.782934704831,
      "bucket": 3119.857718395945
   },
   "Carrot": {
      "base": 2481.025172035794,
      "wheel": 3013.4831249900817,
      "catalyst": 2063.465383318825,
      "flesh": -3953.0188397986585,
      "bucket": 3101.2814650447426
   },
   "Zombie": {
      "base": 2476.513542632495,
      "wheel": 3006.7156808851328,
      "catalyst": 2049.930495108927,
      "flesh": -3961.590935664927,
      "bucket": 3095.641928290619
   },
   "Birch": {
      "base": 2469.466371849373,
      "wheel": 2996.1449247104497,
      "catalyst": 2028.788982759561,
      "flesh": -3974.9805601528587,
      "bucket": 3086.832964811716
   },
   "Nether Wart": {
      "base": 2456.376616167263,
      "wheel": 2976.5102911872846,
      "catalyst": 1989.5197157132307,
      "flesh": -3999.8510959488676,
      "bucket": 3070.4707702090786
   },
   "Coal": {
      "base": 2429.9416914608228,
      "wheel": 2936.8579041276244,
      "catalyst": 1910.2149415939102,
      "flesh": -4050.0774528911043,
      "bucket": 3037.4271143260285
   },
   "Obsidian": {
      "base": 2369.848238276505,
      "wheel": 2846.717724351148,
      "catalyst": 1729.9345820409571,
      "flesh": -4164.255013941308,
      "bucket": 2962.3102978456313
   },
   "Gold": {
      "base": 2357.9262193620334,
      "wheel": 2828.8346959794403,
      "catalyst": 1694.1685252975421,
      "flesh": -4186.906849878804,
      "bucket": 2947.407774202542
   },
   "Quartz": {
      "base": 2335.19294396868,
      "wheel": 2794.7347828894103,
      "catalyst": 1625.9686991174822,
      "flesh": -4230.100073126176,
      "bucket": 2918.99117996085
   },
   "Pig": {
      "base": 2185.9216719198494,
      "wheel": 2570.8278748161642,
      "catalyst": 1178.15488297099,
      "flesh": -4513.7154900189535,
      "bucket": 2732.4020898998115
   },
   "Spider": {
      "base": 2183.4465445354313,
      "wheel": 2567.1151837395373,
      "catalyst": 1170.7295008177362,
      "flesh": -4518.418232049348,
      "bucket": 2729.308180669289
   },
   "Iron": {
      "base": 2170.030189008159,
      "wheel": 2546.990650448629,
      "catalyst": 1130.4804342359193,
      "flesh": -4543.909307551165,
      "bucket": 2712.537736260199
   },
   "Oak": {
      "base": 2137.887933407963,
      "wheel": 2498.7772670483346,
      "catalyst": 1034.0536674353307,
      "flesh": -4604.979593191538,
      "bucket": 2672.3599167599536
   },
   "Redstone": {
      "base": 2075.1731951116135,
      "wheel": 2404.7051596038104,
      "catalyst": 845.9094525462824,
      "flesh": -4724.137595954602,
      "bucket": 2593.9664938895166
   },
   "Cave Spider": {
      "base": 2040.161844658087,
      "wheel": 2352.1881339235206,
      "catalyst": 740.8754011857027,
      "flesh": -4790.659161816302,
      "bucket": 2550.2023058226087
   },
   "Glowstone": {
      "base": 1971.8186576362245,
      "wheel": 2249.6733533907272,
      "catalyst": 535.845840120116,
      "flesh": -4920.51121715784,
      "bucket": 2464.7733220452806
   },
   "Cocoa Beans": {
      "base": 1930.6254426151613,
      "wheel": 2187.8835308591324,
      "catalyst": 412.26619505692634,
      "flesh": -4998.778325697861,
      "bucket": 2413.2818032689515
   },
   "Skeleton": {
      "base": 1898.807704342438,
      "wheel": 2140.156923450047,
      "catalyst": 316.8129802387557,
      "flesh": -5059.232028416035,
      "bucket": 2373.5096304280473
   },
   "Acacia": {
      "base": 1764.1075220483397,
      "wheel": 1938.1066500088996,
      "catalyst": -87.28756664353932,
      "flesh": -5315.162374774822,
      "bucket": 2205.1344025604244
   },
   "End Stone": {
      "base": 1685.9291837775493,
      "wheel": 1820.8391426027142,
      "catalyst": -321.82258145591004,
      "flesh": -5463.701217489324,
      "bucket": 2107.4114797219368
   },
   "Wheat": {
      "base": 1603.3186223740079,
      "wheel": 1696.9233004974021,
      "catalyst": -569.6542656665342,
      "flesh": -5620.661284156053,
      "bucket": 2004.1482779675098
   },
   "Magma Cube": {
      "base": 1582.1417620751342,
      "wheel": 1665.1580100490914,
      "catalyst": -633.1848465631556,
      "flesh": -5660.897318723912,
      "bucket": 1977.6772025939179
   },
   "Ice": {
      "base": 1577.1323881932021,
      "wheel": 1657.6439492261934,
      "catalyst": -648.2129682089517,
      "flesh": -5670.415129099583,
      "bucket": 1971.4154852415027
   },
   "Ghast": {
      "base": 1553.4351818626155,
      "wheel": 1622.0981397303135,
      "catalyst": -719.3045872007115,
      "flesh": -5715.439821127698,
      "bucket": 1941.7939773282694
   },
   "Clay": {
      "base": 1515.4641698345258,
      "wheel": 1565.141621688179,
      "catalyst": -833.2176232849806,
      "flesh": -5787.584743981068,
      "bucket": 1894.3302122931573
   },
   "Dark Oak": {
      "base": 1494.893529959323,
      "wheel": 1534.2856618753744,
      "catalyst": -894.9295429105896,
      "flesh": -5826.668959743954,
      "bucket": 1868.6169124491537
   },
   "Snow": {
      "base": 1465.726950567907,
      "wheel": 1490.5357927882505,
      "catalyst": -982.4292810848374,