{
   "Cobblestone": {
      "base": 1549.133639623168,
      "ench": 1674.1700948040527,
      "superEnch": 0,
      "merch": 835.7142857142858
   },
   "Obsidian": {
      "base": 2964.691833221782,
      "ench": 2962.310297845631,
      "superEnch": 0,
      "merch": 1275.0
   },
   "Glowstone": {
      "base": 9935.177665414394,
      "ench": 2464.7733220452806,
      "superEnch": 3093.740055975384,
      "merch": 1315.3846153846152
   },
   "Gravel": {
      "base": 3305.041030514655,
      "ench": 3824.3935992758356,
      "superEnch": 0,
      "merch": 969.2307692307692
   },
   "Sand": {
      "base": 2924.2717997454247,
      "ench": 3368.1647457003314,
      "superEnch": 0,
      "merch": 623.0769230769231
   },
   "Clay": {
      "base": 3882.397778260195,
      "ench": 1894.3302122931575,
      "superEnch": 0,
      "merch": 1912.5
   },
   "Ice": {
      "base": 1509.3619138129316,
      "ench": 1971.4154852415027,
      "superEnch": 1972.5793862048488,
      "merch": 675.0
   },
   "Snow": {
      "base": 2767.774368721618,
      "ench": 1832.1586882098836,
      "superEnch": 0,
      "merch": 1938.4615384615383
   },
   "Coal": {
      "base": 3900.180708613615,
      "ench": 3037.4271143260285,
      "superEnch": 1387.358493528855,
      "merch": 1157.1428571428573
   },
   "Iron": {
      "base": 2228.55834238436,
      "ench": 2712.5377362601985,
      "superEnch": 2520.294027460392,
      "merch": 1358.0357142857142
   },
   "Gold": {
      "base": 2722.024251475269,
      "ench": 2947.407774202541,
      "superEnch": 2129.098162813464,
      "merch": 1332.4675324675325
   },
   "Diamond": {
      "base": 1652.9333423843598,
      "ench": 1709.777807947866,
      "superEnch": 1719.5356807947517,
      "merch": 1714.2857142857142
   },
   "Lapis": {
      "base": 3201.20672296709,
      "ench": 3495.2848996520233,
      "superEnch": 1822.178177426968,
      "merch": 950.0
   },
   "Redstone": {
      "base": 2111.9740775939176,
      "ench": 2593.9664938895166,
      "superEnch": 2596.5089259468236,
      "merch": 762.5
   },
   "Emerald": {
      "base": 1140.3952426207513,
      "ench": 1271.2826643049093,
      "superEnch": 1263.3606285531785,
      "merch": 1221.4285714285716
   },
   "Quartz": {
      "base": 5130.276208984144,
      "ench": 2918.99117996085,
      "superEnch": 3005.7415605949327,
      "merch": 1095.6521739130435
   },
   "End Stone": {
      "base": 2180.041030514655,
      "ench": 2107.4114797219368,
      "superEnch": 0,
      "merch": 623.0769230769231
   },
   "Wheat": {
      "base": 1233.2914615373888,
      "ench": 2004.1482779675098,
      "superEnch": 0,
      "merch": 698.7980769230769
   },
   "Melon": {
      "base": 3080.041030514655,
      "ench": 1353.6159606619717,
      "superEnch": 1519.2289528119522,
      "merch": 796.1538461538461
   },
   "Pumpkin": {
      "base": 688.4708372931574,
      "ench": 785.3263060431574,
      "superEnch": 0,
      "merch": 787.5
   },
   "Carrot": {
      "base": 2599.5696342315296,
      "ench": 3101.2814650447426,
      "superEnch": 0,
      "merch": 1035.0
   },
   "Potato": {
      "base": 3396.5533396690516,
      "ench": 3970.5099046014566,
      "superEnch": 382.90952403517065,
      "merch": 1035.0
   },
   "Mushroom": {
      "base": 2510.8808198517945,
      "ench": 615.6939730935042,
      "superEnch": 0,
      "merch": 922.5
   },
   "Cactus": {
      "base": 359.05333966905187,
      "ench": 1733.2442479949045,
      "superEnch": 1715.5056604411109,
      "merch": 360.0
   },
   "Cocoa Beans": {
      "base": 2276.1813931127012,
      "ench": 2413.2818032689515,
      "superEnch": 0,
      "merch": 1590.0
   },
   "Sugar Cane": {
      "base": 864.3054699000617,
      "ench": 777.1854666936963,
      "superEnch": 763.6234034846991,
      "merch": 675.0
   },
   "Nether Wart": {
      "base": 2537.9854186465786,
      "ench": 3070.4707702090786,
      "superEnch": 0,
      "merch": 745.3125
   },
   "Fish": {
      "base": 3727.6990932232784,
      "ench": 4160.048013644698,
      "superEnch": 3861.77022062441,
      "merch": 1330.5857142857144
   },
   "Zombie": {
      "base": 2837.733338206963,
      "ench": 3095.641928290619,
      "superEnch": 0,
      "merch": 623.0769230769231
   },
   "Revenant": {
      "base": 10691.053339669052,
      "ench": 11713.950180664362,
      "superEnch": 0,
      "merch": 2070.0
   },
   "Skeleton": {
      "base": 1903.1179535915783,
      "ench": 2373.5096304280473,
      "superEnch": 0,
      "merch": 623.0769230769231
   },
   "Creeper": {
      "base": 3245.7523854778947,
      "ench": 3475.272474763609,
      "superEnch": 0,
      "merch": 900.0
   },
   "Spider": {
      "base": 2257.9256458992704,
      "ench": 2729.308180669289,
      "superEnch": 0,
      "merch": 1055.7692307692307
   },
   "Tarantula": {
      "base": 7926.2533396690515,
      "ench": 9735.342314225889,
      "superEnch": 0,
      "merch": 3303.0
   },
   "Cave Spider": {
      "base": 2110.810261283886,
      "ench": 2550.202305822608,
      "superEnch": 0,
      "merch": 1055.7692307692307
   },
   "Blaze": {
      "base": 4035.81365834357,
      "ench": 573.8654838936785,
      "superEnch": 0,
      "merch": 1445.4545454545457
   },
   "Magma Cube": {
      "base": 1751.9740775939176,
      "ench": 1977.6772025939176,
      "superEnch": 0,
      "merch": 2000.0
   },
   "Enderman": {
      "base": 1124.6864091578213,
      "ench": 1403.8490775939176,
      "superEnch": 0,
      "merch": 1450.0
   },
   "Ghast": {
      "base": 1940.3291686465786,
      "ench": 1941.7939773282694,
      "superEnch": 0,
      "merch": 1237.5
   },
   "Slime": {
      "base": 2864.2111163908767,
      "ench": 3658.8888591966324,
      "superEnch": 383.29309715643797,
      "merch": 1987.5
   },
   "Cow": {
      "base": 4653.2846988436195,
      "ench": 3157.6393478535824,
      "superEnch": 0,
      "merch": 1488.4615384615383
   },
   "Pig": {
      "base": 3080.0410305146547,
      "ench": 2732.402089899812,
      "superEnch": 2349.283137046783,
      "merch": 1142.3076923076924
   },
   "Chicken": {
      "base": 3008.648291735897,
      "ench": 3859.182267829082,
      "superEnch": 804.6886244781886,
      "merch": 1326.923076923077
   },
   "Sheep": {
      "base": 6083.454700604808,
      "ench": 3824.9142413908767,
      "superEnch": 2922.2295245940018,
      "merch": 1237.5
   },
   "Rabbit": {
      "base": 5288.338335934924,
      "ench": 4397.465452910326,
      "superEnch": 0,
      "merch": 1574.9999999999998
   },
   "Oak": {
      "base": 2092.514709665314,
      "ench": 2672.3599167599536,
      "superEnch": 0,
      "merch": 800.0000000000001
   },
   "Spruce": {
      "base": 2766.316051729279,
      "ench": 3215.6312453700257,
      "superEnch": 0,
      "merch": 800.0000000000001
   },
   "Birch": {
      "base": 2399.649385062612,
      "ench": 3086.832964811716,
      "superEnch": 0,
      "merch": 800.0000000000001
   },
   "Dark Oak": {
      "base": 1299.6493850626118,
      "ench": 1868.6169124491535,
      "superEnch": 0,
      "merch": 800.0000000000001
   },
   "Acacia": {
      "base": 1599.649385062612,
      "ench": 2205.1344025604244,
      "superEnch": 0,
      "merch": 800.0000000000001
   },
   "Jungle": {
      "base": 2699.649385062612,
      "ench": 3119.8577183959455,
      "superEnch": 0,
      "merch": 800.0000000000001
   }
}