{
   "Cobblestone": {
      "base": 1672.0129332983197,
      "ench": 1745.4953124345943,
      "superEnch": 0,
      "merch": 835.7142857142858
   },
   "Obsidian": {
      "base": 2620.4829388786766,
      "ench": 2774.8774701286766,
      "superEnch": 0,
      "merch": 1275.0
   },
   "Glowstone": {
      "base": 7874.285451606039,
      "ench": 2702.4768803565266,
      "superEnch": 3271.165050971509,
      "merch": 1315.3846153846152
   },
   "Gravel": {
      "base": 3378.3397701267027,
      "ench": 3498.7749453289503,
      "superEnch": 0,
      "merch": 969.2307692307692
   },
   "Sand": {
      "base": 3000.4199163747403,
      "ench": 3371.525131613296,
      "superEnch": 0,
      "merch": 623.0769230769231
   },
   "Clay": {
      "base": 3346.949944313294,
      "ench": 1901.6814395680146,
      "superEnch": 0,
      "merch": 1912.5
   },
   "Ice": {
      "base": 1770.4652904981826,
      "ench": 1702.1063355745687,
      "superEnch": 1807.872378052784,
      "merch": 675.0
   },
   "Snow": {
      "base": 4085.2446973981896,
      "ench": 1859.9117605660786,
      "superEnch": 0,
      "merch": 1938.4615384615383
   },
   "Coal": {
      "base": 3971.8744074772453,
      "ench": 3184.0772190126054,
      "superEnch": 3173.433727104123,
      "merch": 1157.1428571428573
   },
   "Iron": {
      "base": 2514.062915351442,
      "ench": 2986.5248825413323,
      "superEnch": 2420.974476790228,
      "merch": 1358.0357142857142
   },
   "Gold": {
      "base": 2744.2934367903504,
      "ench": 2832.4979170645533,
      "superEnch": 2011.0354259423939,
      "merch": 1332.4675324675325
   },
   "Diamond": {
      "base": 1649.8125893697065,
      "ench": 1716.233587184874,
      "superEnch": 1748.4152511258012,
      "merch": 1714.2857142857142
   },
   "Lapis": {
      "base": 3387.727251838235,
      "ench": 3371.4554227941176,
      "superEnch": 2563.4757869944847,
      "merch": 950.0
   },
   "Redstone": {
      "base": 2121.8851297413976,
      "ench": 2535.201678546868,
      "superEnch": 2493.43208582261,
      "merch": 762.5
   },
   "Emerald": {
      "base": 1309.5649782517705,
      "ench": 1234.9233079392473,
      "superEnch": 1282.6741563813027,
      "merch": 1221.4285714285716
   },
   "Quartz": {
      "base": 4911.225263746804,
      "ench": 3045.3149376598467,
      "superEnch": 2972.7325667359332,
      "merch": 1095.6521739130435
   },
   "End Stone": {
      "base": 2138.6534452621063,
      "ench": 2055.8194640837105,
      "superEnch": 0,
      "merch": 623.0769230769231
   },
   "Wheat": {
      "base": 1548.573379417569,
      "ench": 2017.805979553133,
      "superEnch": 0,
      "merch": 698.7980769230769
   },
   "Melon": {
      "base": 3258.2547150346195,
      "ench": 1629.8177127144954,
      "superEnch": 1465.951675622172,
      "merch": 796.1538461538461
   },
   "Pumpkin": {
      "base": 724.7384593939433,
      "ench": 792.4060137534507,
      "superEnch": 0,
      "merch": 787.5
   },
   "Carrot": {
      "base": 2105.7556486185204,
      "ench": 2932.6081460507594,
      "superEnch": 0,
      "merch": 1035.0
   },
   "Potato": {
      "base": 3937.909053308824,
      "ench": 3269.869990808824,
      "superEnch": 3726.1064822554827,
      "merch": 1035.0
   },
   "Mushroom": {
      "base": 2407.2889287668613,
      "ench": 639.2332449320875,
      "superEnch": 0,
      "merch": 922.5
   },
   "Cactus": {
      "base": 360.40905330882356,
      "ench": 1845.7804125321245,
      "superEnch": 1826.8374712775737,
      "merch": 360.0
   },
   "Cocoa Beans": {
      "base": 2116.4950023461347,
      "ench": 2505.8820772058825,
      "superEnch": 0,
      "merch": 1590.0
   },
   "Sugar Cane": {
      "base": 1022.2158777573529,
      "ench": 839.1117909354189,
      "superEnch": 769.8939028103498,
      "merch": 675.0
   },
   "Nether Wart": {
      "base": 2565.8953295163437,
      "ench": 2570.3792940027574,
      "superEnch": 0,
      "merch": 745.3125
   },
   "Fish": {
      "base": 3664.7757945548024,
      "ench": 3903.3808194423705,
      "superEnch": 3724.6979461602227,
      "merch": 1330.5857142857144
   },
   "Zombie": {
      "base": 2993.24055880879,
      "ench": 2997.8893075625997,
      "superEnch": 0,
      "merch": 623.0769230769231
   },
   "Revenant": {
      "base": 11293.302826700909,
      "ench": 11331.359246185317,
      "superEnch": 0,
      "merch": 2070.0
   },
   "Skeleton": {
      "base": 2165.9209059700447,
      "ench": 2346.384459083293,
      "superEnch": 0,
      "merch": 623.0769230769231
   },
   "Creeper": {
      "base": 3178.6611803565042,
      "ench": 3439.2345085926813,
      "superEnch": 0,
      "merch": 900.0
   },
   "Spider": {
      "base": 2564.093374499009,
      "ench": 2721.3704044117644,
      "superEnch": 0,
      "merch": 1055.7692307692307
   },
   "Tarantula": {
      "base": 9164.909030664816,
      "ench": 9800.482048433503,
      "superEnch": 0,
      "merch": 3303.0
   },
   "Cave Spider": {
      "base": 2325.613018331227,
      "ench": 2489.909625989819,
      "superEnch": 0,
      "merch": 1055.7692307692307
   },
   "Blaze": {
      "base": 3818.429729278075,
      "ench": 3585.191270471257,
      "superEnch": 0,
      "merch": 1445.4545454545457
   },
   "Magma Cube": {
      "base": 1885.3198048020702,
      "ench": 1992.6441335911954,
      "superEnch": 0,
      "merch": 2000.0
   },
   "Enderman": {
      "base": 1256.4772518382354,
      "ench": 1431.732544038792,
      "superEnch": 0,
      "merch": 1450.0
   },
   "Ghast": {
      "base": 2101.2104710896,
      "ench": 2072.2372041590074,
      "superEnch": 0,
      "merch": 1237.5
   },
   "Slime": {
      "base": 3193.6013340311174,
      "ench": 3346.594784007353,
      "superEnch": 3361.578267894072,
      "merch": 1987.5
   },
   "Cow": {
      "base": 4661.808621879419,
      "ench": 3113.396807081877,
      "superEnch": 0,
      "merch": 1488.4615384615383
   },
   "Pig": {
      "base": 3290.8343144154446,
      "ench": 2690.755762160633,
      "superEnch": 2475.183496535633,
      "merch": 1142.3076923076924
   },
   "Chicken": {
      "base": 2944.5630547230876,
      "ench": 3676.3791712562333,
      "superEnch": 2742.057913194881,
      "merch": 1326.923076923077
   },
   "Sheep": {
      "base": 3718.7838602134934,
      "ench": 3844.911190257353,
      "superEnch": 3490.6991541245407,
      "merch": 1237.5
   },
   "Rabbit": {
      "base": 4674.25696408371,
      "ench": 3584.130638493378,
      "superEnch": 0,
      "merch": 1574.9999999999998
   },
   "Oak": {
      "base": 2647.7702504421845,
      "ench": 2850.4911974488073,
      "superEnch": 0,
      "merch": 800.0000000000001
   },
   "Spruce": {
      "base": 3226.3415442816263,
      "ench": 3392.2749314085468,
      "superEnch": 0,
      "merch": 800.0000000000001
   },
   "Birch": {
      "base": 2706.298604069194,
      "ench": 3231.7791053921574,
      "superEnch": 0,
      "merch": 800.0000000000001
   },
   "Dark Oak": {
      "base": 1709.3876371116444,
      "ench": 2010.7013294041847,
      "superEnch": 0,
      "merch": 800.0000000000001
   },
   "Acacia": {
      "base": 2116.818167892157,
      "ench": 2453.049649373638,
      "superEnch": 0,
      "merch": 800.0000000000001
   },
   "Jungle": {
      "base": 2515.9640286017498,
      "ench": 3297.7919284406803,
      "superEnch": 0,
      "merch": 800.0000000000001
   }
}