{
  "INK_SACK:3": 4.169382889200561,
  "BROWN_MUSHROOM": 14.41688433445391,
  "INK_SACK:4": 4.25,
  "TARANTULA_WEB": 68.15563124432333,
  "CARROT_ITEM": 2.5856986597180693,
  "ENCHANTED_POTATO": 689.6500000000001,
  "ENCHANTED_SLIME_BALL": 1444.15,
  "ENCHANTED_RED_MUSHROOM": 2911.1,
  "ENCHANTED_GOLDEN_CARROT": 88557.55,
  "ENCHANTED_RABBIT_HIDE": 6637.916666666666,
  "ENCHANTED_BIRCH_LOG": 1487.18125,
  "ENCHANTED_GUNPOWDER": 3167.6581395348835,
  "ENCHANTED_MELON": 208.39750793718764,
  "ENCHANTED_SUGAR": 459.75117924528297,
  "CACTUS": 5.0361208267090625,
  "ENCHANTED_BLAZE_ROD": 632053.3666666667,
  "ENCHANTED_CAKE": 4900.838311688312,
  "PUMPKIN": 3.551877696539937,
  "ENCHANTED_BROWN_MUSHROOM": 2605.4375,
  "WHEAT": 4.070304519477651,
  "ENCHANTED_RAW_SALMON": 1612.7124999999996,
  "ENCHANTED_GLISTERING_MELON": 8292.41923076923,
  "PRISMARINE_SHARD": 5,
  "PROTECTOR_FRAGMENT": 2989.2695145320986,
  "ENCHANTED_EMERALD": 973.1438775510204,
  "ENCHANTED_SPIDER_EYE": 1221.013071895425,
  "RED_MUSHROOM": 14.694296116504855,
  "ENCHANTED_MELON_BLOCK": 29304,
  "MUTTON": 18.231695906432748,
  "DIAMOND": 7.566283421428296,
  "WISE_FRAGMENT": 4853.32892303848,
  "COBBLESTONE": 3.6,
  "SPIDER_EYE": 6.971447133344162,
  "RAW_FISH": 29.239767441860465,
  "ENCHANTED_PUFFERFISH": 2376.1942708333336,
  "POTATO_ITEM": 5.3,
  "ENCHANTED_HUGE_MUSHROOM_1": 2517.0999999999995,
  "ENCHANTED_COBBLESTONE": 612.577895392279,
  "ENCHANTED_HUGE_MUSHROOM_2": 18040.05,
  "PORK": 17.411891357472243,
  "PRISMARINE_CRYSTALS": 6.393859649122807,
  "ICE": 3.9062962223995745,
  "HUGE_MUSHROOM_1": 3.05,
  "HUGE_MUSHROOM_2": 21.347434367541766,
  "LOG_2:1": 4.7277084076584615,
  "ENCHANTED_SNOW_BLOCK": 603.4016647531573,
  "GOLDEN_TOOTH": 94440.50897435896,
  "STRING": 9.727220137949645,
  "RABBIT_FOOT": 31.65,
  "REDSTONE": 3.4162806718278445,
  "ENCHANTED_CACTUS_GREEN": 1584.3961165048543,
  "ENCHANTED_CARROT_ON_A_STICK": 252.42857142857144,
  "ENCHANTED_LAPIS_LAZULI_BLOCK": 80665.54999999999,
  "ENCHANTED_COOKIE": 108290.65,
  "ENCHANTED_ENDSTONE": 1644.2000000000003,
  "ENCHANTED_SAND": 2860.496794871795,
  "ENCHANTED_STRING": 1978.75,
  "STRONG_FRAGMENT": 18586,
  "SLIME_BALL": 8.572623574144487,
  "ENCHANTED_ACACIA_LOG": 1113.391111111111,
  "SNOW_BALL": 2.55,
  "ENCHANTED_EGG": 2262.6499999999996,
  "SAND": 15.733941502125951,
  "RAW_CHICKEN": 15.13216880939072,
  "ENCHANTED_LAPIS_LAZULI": 676.5286764705883,
  "ENCHANTED_GHAST_TEAR": 139.35000000000002,
  "ENCHANTED_COCOA": 805.55,
  "SEEDS": 0.45,
  "ENCHANTED_LEATHER": 9418.234272497899,
  "ENCHANTED_SPONGE": 11071.722033898306,
  "HAY_BLOCK": 51.33449275362318,
  "INK_SACK": 342.8813953488372,
  "FLINT": 17.91747843491507,
  "ENCHANTED_ROTTEN_FLESH": 2515.091233082707,
  "ENCHANTED_SPRUCE_LOG": 1564.2192464878672,
  "WOLF_TOOTH": 251.88588736083824,
  "ENCHANTED_GRILLED_PORK": 325100.6,
  "ENCHANTED_NETHER_STALK": 1864.25,
  "ENCHANTED_REDSTONE_BLOCK": 104366.3,
  "ENCHANTED_QUARTZ_BLOCK": 347959,
  "GREEN_CANDY": 616.9071801566579,
  "ENCHANTED_REDSTONE": 664.1705035971223,
  "ENCHANTED_REDSTONE_LAMP": 118324.445,
  "GRAVEL": 3.8984881518281567,
  "MELON": 2.870608945360135,
  "ENCHANTED_LAVA_BUCKET": 432824.0625,
  "ENCHANTED_PACKED_ICE": 102980.45000000001,
  "RAW_FISH:3": 13.74851041392038,
  "ENCHANTED_PRISMARINE_SHARD": 395.53666666666663,
  "ENCHANTED_IRON_BLOCK": 173497.85833333334,
  "BONE": 10.912391664232155,
  "RAW_FISH:2": 18.899268130405858,
  "RAW_FISH:1": 9.306955003661338,
  "REVENANT_FLESH": 8.847832233741752,
  "ENCHANTED_PORK": 2231.163333333333,
  "ENCHANTED_GLOWSTONE": 154900.03333333333,
  "FEATHER": 2.65,
  "NETHERRACK": 1.15,
  "SPONGE": 273.75,
  "BLAZE_ROD": 26.4,
  "ENCHANTED_DARK_OAK_LOG": 901.0639175257733,
  "YOUNG_FRAGMENT": 14072.027777777777,
  "ENCHANTED_CLOWNFISH": 3189.35,
  "ENCHANTED_GOLD": 1812.9,
  "ENCHANTED_RAW_CHICKEN": 637.7953115823157,
  "ENCHANTED_WATER_LILY": 47655.8,
  "LOG:1": 9.278570129168408,
  "CATALYST": 26415.33409090909,
  "LOG:3": 7.147437582128778,
  "LOG:2": 7.71844130853111,
  "ENCHANTED_GLOWSTONE_DUST": 896.7995423728814,
  "ENCHANTED_INK_SACK": 28305.003636363635,
  "ENCHANTED_CACTUS": 250270.45,
  "ENCHANTED_SUGAR_CANE": 64109.63968723584,
  "ENCHANTED_COOKED_SALMON": 259007.475,
  "ENCHANTED_SEEDS": 77.57673112913287,
  "LOG": 7.542856247650082,
  "GHAST_TEAR": 28.282064240790653,
  "UNSTABLE_FRAGMENT": 7212.7625,
  "ENCHANTED_ENDER_PEARL": 197.04084675208907,
  "PURPLE_CANDY": 6133.55038167939,
  "ENCHANTED_FERMENTED_SPIDER_EYE": 86079.95000000001,
  "ENCHANTED_GOLD_BLOCK": 187253.40555555554,
  "ENCHANTED_JUNGLE_LOG": 1518.8674050632912,
  "ENCHANTED_FLINT": 2978.132178217822,
  "IRON_INGOT": 7.108241206030151,
  "ENCHANTED_EMERALD_BLOCK": 163309.2,
  "ENCHANTED_CLAY_BALL": 476.85,
  "GLOWSTONE_DUST": 14.631351161154116,
  "GOLD_INGOT": 10.899403096437231,
  "REVENANT_VISCERA": 66749.72272727273,
  "TARANTULA_SILK": 111505.81619178082,
  "ENCHANTED_MUTTON": 3024.7,
  "SUPER_COMPACTOR_3000": 389434.59,
  "SUPER_EGG": 340736.7416666667,
  "ENCHANTED_IRON": 1406.0969565217392,
  "STOCK_OF_STONKS": 5785.291666666666,
  "ENCHANTED_HAY_BLOCK": 7999.6824074074075,
  "ENCHANTED_PAPER": 386.65,
  "ENCHANTED_BONE": 1912.8111953773923,
  "ENCHANTED_DIAMOND_BLOCK": 210525.0431949378,
  "SUPERIOR_FRAGMENT": 215772.95,
  "EMERALD": 6.546586294416244,
  "ENCHANTED_RABBIT_FOOT": 5146.8,
  "HOT_POTATO_BOOK": 135921.7625,
  "ENCHANTED_ICE": 590.979826910844,
  "CLAY_BALL": 5.549678730658274,
  "OLD_FRAGMENT": 2934.369488780025,
  "GREEN_GIFT": 5830.370652173913,
  "PACKED_ICE": 30.7,
  "WATER_LILY": 288.54216494845366,
  "LOG_2": 5.949999999999999,
  "HAMSTER_WHEEL": 20462.8,
  "ENCHANTED_OBSIDIAN": 4479.5,
  "ENCHANTED_COAL": 1328.672,
  "COAL": 10.755124586334436,
  "ENCHANTED_QUARTZ": 2234.1000000000004,
  "ENDER_PEARL": 8.45,
  "ENCHANTED_COAL_BLOCK": 211739.825,
  "ENCHANTED_PRISMARINE_CRYSTALS": 409.82343749999995,
  "ENCHANTED_WET_SPONGE": 470206.55000000005,
  "ENCHANTED_RAW_FISH": 5110.9,
  "ENDER_STONE": 10.7548463356974,
  "FOUL_FLESH": 25530.321276595743,
  "QUARTZ": 23.5,
  "RAW_BEEF": 8.350000000000001,
  "ENCHANTED_EYE_OF_ENDER": 4414.747058823529,
  "SUGAR_CANE": 3.85,
  "MAGMA_CREAM": 7.489300235394821,
  "RED_GIFT": 40164.15,
  "ENCHANTED_RAW_BEEF": 911.25,
  "ENCHANTED_SLIME_BLOCK": 232200.525,
  "ENCHANTED_FEATHER": 473.9,
  "ENCHANTED_OAK_LOG": 1304.163054187192,
  "RABBIT_HIDE": 11.650000000000002,
  "WHITE_GIFT": 3218.1033057851237,
  "SULPHUR": 18.176518218623478,
  "NETHER_STALK": 11.630305186879223,
  "RABBIT": 10.25,
  "ENCHANTED_CARROT": 609.7064516129033,
  "ENCHANTED_PUMPKIN": 645.291071073207,
  "ROTTEN_FLESH": 15.692460769522683,
  "ENCHANTED_COOKED_FISH": 857950.1000000001,
  "OBSIDIAN": 26.35,
  "ENCHANTED_MAGMA_CREAM": 1274.6075603576605,
  "ENCHANTED_FIREWORK_ROCKET": 193566.31666666665,
  "LEATHER": 16.98307624504187,
  "ENCHANTED_COOKED_MUTTON": 435590.25,
  "ENCHANTED_RABBIT": 610.3057653061223,
  "ENCHANTED_BREAD": 71.50566037735848,
  "ENCHANTED_CHARCOAL": 2032.3235294117646,
  "ENCHANTED_BLAZE_POWDER": 3836.163636363636,
  "SUMMONING_EYE": 622852.95,
  "SNOW_BLOCK": 15,
  "ENCHANTED_BAKED_POTATO": 127647.19137931034,
  "COMPACTOR": 4936.746370023419,
  "ENCHANTED_DIAMOND": 1281.454411764706,
  "time": "Tuesday 21 Apr - 16:37"
}
